日文,中文
，,，
．,．
：,：
；,；
？,？
！,！
｀,｀
＾,＾
￣,￣
＿,＿
仝,仝
／,／
＼,＼
～,～
｜,｜
（,（
）,）
［,［
］,］
｛,｛
｝,｝
＋,＋
－,－
＝,＝
＜,＜
＞,＞
￥,￥
＄,＄
￠,￠
￡,￡
％,％
＃,＃
＆,＆
＊,＊
＠,＠
￢,￢
Ａ,Ａ
Ｂ,Ｂ
Ｃ,Ｃ
Ｄ,Ｄ
Ｅ,Ｅ
Ｆ,Ｆ
Ｇ,Ｇ
Ｈ,Ｈ
Ｉ,Ｉ
Ｊ,Ｊ
Ｋ,Ｋ
Ｌ,Ｌ
Ｍ,Ｍ
Ｎ,Ｎ
Ｏ,Ｏ
Ｐ,Ｐ
Ｑ,Ｑ
Ｒ,Ｒ
Ｓ,Ｓ
Ｔ,Ｔ
Ｕ,Ｕ
Ｖ,Ｖ
Ｗ,Ｗ
Ｘ,Ｘ
Ｙ,Ｙ
Ｚ,Ｚ
ａ,ａ
ｂ,ｂ
ｃ,ｃ
ｄ,ｄ
ｅ,ｅ
ｆ,ｆ
ｇ,ｇ
ｈ,ｈ
ｉ,ｉ
ｊ,ｊ
ｋ,ｋ
ｌ,ｌ
ｍ,ｍ
ｎ,ｎ
ｏ,ｏ
ｐ,ｐ
ｑ,ｑ
ｒ,ｒ
ｓ,ｓ
ｔ,ｔ
ｕ,ｕ
ｖ,ｖ
ｗ,ｗ
ｘ,ｘ
ｙ,ｙ
ｚ,ｚ
亜,亚
唖,唖
娃,娃
阿,阿
哀,哀
愛,爱
挨,挨
姶,姶
逢,逢
葵,葵
茜,茜
穐,穐
悪,恶
握,握
渥,渥
旭,旭
葦,苇
芦,芦
鯵,鯵
梓,梓
圧,压
斡,斡
扱,扱
宛,宛
姐,姐
虻,虻
飴,饴
絢,绚
綾,绫
鮎,鲇
或,或
粟,粟
袷,袷
安,安
庵,庵
按,按
暗,暗
案,案
闇,暗
鞍,鞍
杏,杏
以,以
伊,伊
位,位
依,依
偉,伟
囲,围
夷,夷
委,委
威,威
尉,尉
惟,惟
意,意
慰,慰
易,易
椅,椅
為,为
畏,畏
異,异
移,移
維,维
緯,纬
胃,胃
萎,萎
衣,衣
謂,谓
違,违
遺,遗
医,医
井,井
亥,亥
域,域
育,育
郁,郁
磯,矶
一,一
壱,壹
溢,溢
逸,逸
稲,稻
茨,茨
芋,芋
鰯,鰯
允,允
印,印
咽,咽
員,员
因,因
姻,姻
引,引
飲,饮
淫,淫
胤,胤
蔭,荫
院,院
陰,阴
隠,隐
韻,韵
吋,吋
右,右
宇,宇
烏,乌
羽,羽
迂,迂
雨,雨
卯,卯
鵜,鹈
窺,窥
丑,丑
碓,碓
臼,臼
渦,涡
嘘,嘘
唄,呗
欝,欝
蔚,蔚
鰻,鳗
姥,姥
厩,厩
浦,浦
瓜,瓜
閏,闰
噂,噂
云,云
運,运
雲,云
荏,荏
餌,饵
叡,叡
営,营
嬰,婴
影,影
映,映
曳,曳
栄,荣
永,永
泳,泳
洩,洩
瑛,瑛
盈,盈
穎,颖
頴,颕
英,英
衛,卫
詠,咏
鋭,锐
液,液
疫,疫
益,益
駅,驿
悦,悦
謁,谒
越,越
閲,阅
榎,榎
厭,厌
円,圆
園,园
堰,堰
奄,奄
宴,宴
延,延
怨,怨
掩,掩
援,援
沿,沿
演,演
炎,炎
焔,焔
煙,烟
燕,燕
猿,猿
縁,缘
艶,艳
苑,苑
薗,薗
遠,远
鉛,铅
鴛,鸳
塩,盐
於,于
汚,污
甥,甥
凹,凹
央,央
奥,奥
往,往
応,应
押,押
旺,旺
横,横
欧,欧
殴,殴
王,王
翁,翁
襖,袄
鴬,鴬
鴎,鴎
黄,黄
岡,冈
沖,冲
荻,荻
億,亿
屋,屋
憶,忆
臆,臆
桶,桶
牡,牡
乙,乙
俺,俺
卸,卸
恩,恩
温,温
穏,稳
音,音
下,下
化,化
仮,假
何,何
伽,伽
価,价
佳,佳
加,加
可,可
嘉,嘉
夏,夏
嫁,嫁
家,家
寡,寡
科,科
暇,暇
果,果
架,架
歌,歌
河,河
火,火
珂,珂
禍,祸
禾,禾
稼,稼
箇,个
花,花
苛,苛
茄,茄
荷,荷
華,华
菓,果
蝦,虾
課,课
嘩,哗
貨,货
迦,迦
過,过
霞,霞
蚊,蚊
俄,俄
峨,峨
我,我
牙,牙
画,画
臥,卧
芽,芽
蛾,蛾
賀,贺
雅,雅
餓,饿
駕,驾
介,介
会,会
解,解
回,回
塊,块
壊,坏
廻,廻
快,快
怪,怪
悔,悔
恢,恢
懐,怀
戒,戒
拐,拐
改,改
魁,魁
晦,晦
械,械
海,海
灰,灰
界,界
皆,皆
絵,绘
芥,芥
蟹,蟹
開,开
階,阶
貝,贝
凱,凯
劾,劾
外,外
咳,咳
害,害
崖,崖
慨,慨
概,概
涯,涯
碍,碍
蓋,盖
街,街
該,该
鎧,铠
骸,骸
浬,浬
馨,馨
蛙,蛙
垣,垣
柿,柿
蛎,蛎
鈎,钩
劃,划
嚇,吓
各,各
廓,廓
拡,扩
撹,撹
格,格
核,核
殻,壳
獲,获
確,确
穫,获
覚,觉
角,角
赫,赫
較,较
郭,郭
閣,阁
隔,隔
革,革
学,学
岳,岳
楽,乐
額,额
顎,颚
掛,挂
笠,笠
樫,樫
橿,橿
梶,梶
鰍,鳅
潟,舄
割,割
喝,喝
恰,恰
括,括
活,活
渇,渴
滑,滑
葛,葛
褐,褐
轄,辖
且,且
鰹,鲣
叶,叶
椛,椛
樺,桦
鞄,鞄
株,株
兜,兜
竃,竃
蒲,蒲
釜,釜
鎌,镰
噛,噛
鴨,鸭
栢,栢
茅,茅
萱,萱
粥,粥
刈,刈
苅,苅
瓦,瓦
乾,干
侃,侃
冠,冠
寒,寒
刊,刊
勘,勘
勧,劝
巻,卷
喚,唤
堪,堪
姦,奸
完,完
官,官
寛,宽
干,干
幹,干
患,患
感,感
慣,惯
憾,憾
換,换
敢,敢
柑,柑
桓,桓
棺,棺
款,款
歓,欢
汗,汗
漢,汉
澗,涧
潅,潅
環,环
甘,甘
監,监
看,看
竿,竿
管,管
簡,简
緩,缓
缶,缶
翰,翰
肝,肝
艦,舰
莞,莞
観,观
諌,諌
貫,贯
還,还
鑑,鉴
間,间
閑,闲
関,关
陥,陷
韓,韩
館,馆
舘,舘
丸,丸
含,含
岸,岸
巌,巌
玩,玩
癌,癌
眼,眼
岩,岩
翫,翫
贋,赝
雁,雁
頑,顽
顔,颜
願,愿
企,企
伎,伎
危,危
喜,喜
器,器
基,基
奇,奇
嬉,嬉
寄,寄
岐,岐
希,希
幾,几
忌,忌
揮,挥
机,机
旗,旗
既,既
期,期
棋,棋
棄,弃
機,机
帰,归
毅,毅
気,气
汽,汽
畿,畿
祈,祈
季,季
稀,稀
紀,纪
徽,徽
規,规
記,记
貴,贵
起,起
軌,轨
輝,辉
飢,饥
騎,骑
鬼,鬼
亀,龟
偽,伪
儀,仪
妓,妓
宜,宜
戯,戏
技,技
擬,拟
欺,欺
犠,牺
疑,疑
祇,祇
義,义
蟻,蚁
誼,谊
議,议
掬,掬
菊,菊
鞠,鞠
吉,吉
吃,吃
喫,吃
桔,桔
橘,橘
詰,诘
砧,砧
杵,杵
黍,黍
却,却
客,客
脚,脚
虐,虐
逆,逆
丘,丘
久,久
仇,仇
休,休
及,及
吸,吸
宮,宫
弓,弓
急,急
救,救
朽,朽
求,求
汲,汲
泣,泣
灸,灸
球,球
究,究
窮,穷
笈,笈
級,级
糾,纠
給,给
旧,旧
牛,牛
去,去
居,居
巨,巨
拒,拒
拠,据
挙,举
渠,渠
虚,虚
許,许
距,距
鋸,锯
漁,渔
禦,御
魚,鱼
亨,亨
享,享
京,京
供,供
侠,侠
僑,侨
兇,凶
競,竞
共,共
凶,凶
協,协
匡,匡
卿,卿
叫,叫
喬,乔
境,境
峡,峡
強,强
彊,彊
怯,怯
恐,恐
恭,恭
挟,挟
教,教
橋,桥
況,况
狂,狂
狭,狭
矯,矫
胸,胸
脅,胁
興,兴
蕎,荞
郷,乡
鏡,镜
響,响
饗,飨
驚,惊
仰,仰
凝,凝
尭,尭
暁,晓
業,业
局,局
曲,曲
極,极
玉,玉
桐,桐
粁,粁
僅,仅
勤,勤
均,均
巾,巾
錦,锦
斤,斤
欣,欣
欽,钦
琴,琴
禁,禁
禽,禽
筋,筋
緊,紧
芹,芹
菌,菌
衿,衿
襟,襟
謹,谨
近,近
金,金
吟,吟
銀,银
九,九
倶,倶
句,句
区,区
狗,狗
玖,玖
矩,矩
苦,苦
躯,躯
駆,驱
駈,駈
駒,驹
具,具
愚,愚
虞,虞
喰,喰
空,空
偶,偶
寓,寓
遇,遇
隅,隅
串,串
櫛,栉
釧,钏
屑,屑
屈,屈
掘,掘
窟,窟
沓,沓
靴,靴
轡,辔
窪,洼
熊,熊
隈,隈
粂,粂
栗,栗
繰,缲
桑,桑
鍬,锹
勲,勋
君,君
薫,熏
訓,训
群,群
軍,军
郡,郡
卦,卦
袈,袈
祁,祁
係,系
傾,倾
刑,刑
兄,兄
啓,启
圭,圭
珪,珪
型,型
契,契
形,形
径,径
恵,惠
慶,庆
慧,慧
憩,憩
掲,揭
携,携
敬,敬
景,景
桂,桂
渓,溪
畦,畦
稽,稽
系,系
経,经
継,继
繋,繋
罫,罫
茎,茎
荊,荆
蛍,萤
計,计
詣,诣
警,警
軽,轻
頚,頚
鶏,鸡
芸,芸
迎,迎
鯨,鲸
劇,剧
戟,戟
撃,击
激,激
隙,隙
桁,桁
傑,杰
欠,欠
決,决
潔,洁
穴,穴
結,结
血,血
訣,诀
月,月
件,件
倹,俭
倦,倦
健,健
兼,兼
券,券
剣,剑
喧,喧
圏,圈
堅,坚
嫌,嫌
建,建
憲,宪
懸,悬
拳,拳
捲,捲
検,检
権,权
牽,牵
犬,犬
献,献
研,研
硯,砚
絹,绢
県,县
肩,肩
見,见
謙,谦
賢,贤
軒,轩
遣,遣
鍵,键
険,险
顕,显
験,验
鹸,鹸
元,元
原,原
厳,严
幻,幻
弦,弦
減,减
源,源
玄,玄
現,现
絃,絃
舷,舷
言,言
諺,谚
限,限
乎,乎
個,个
古,古
呼,呼
固,固
姑,姑
孤,孤
己,己
庫,库
弧,弧
戸,户
故,故
枯,枯
湖,湖
狐,狐
糊,糊
袴,袴
股,股
胡,胡
菰,菰
虎,虎
誇,夸
跨,跨
鈷,钴
雇,雇
顧,顾
鼓,鼓
五,五
互,互
伍,伍
午,午
呉,吴
吾,吾
娯,娱
後,后
御,御
悟,悟
梧,梧
檎,檎
瑚,瑚
碁,棋
語,语
誤,误
護,护
醐,醐
乞,乞
鯉,鲤
交,交
佼,佼
侯,侯
候,候
倖,倖
光,光
公,公
功,功
効,效
勾,勾
厚,厚
口,口
向,向
后,后
喉,喉
坑,坑
垢,垢
好,好
孔,孔
孝,孝
宏,宏
工,工
巧,巧
巷,巷
幸,幸
広,广
庚,庚
康,康
弘,弘
恒,恒
慌,慌
抗,抗
拘,拘
控,控
攻,攻
昂,昂
晃,晃
更,更
杭,杭
校,校
梗,梗
構,构
江,江
洪,洪
浩,浩
港,港
溝,沟
甲,甲
皇,皇
硬,硬
稿,稿
糠,糠
紅,红
紘,纮
絞,绞
綱,纲
耕,耕
考,考
肯,肯
肱,肱
腔,腔
膏,膏
航,航
荒,荒
行,行
衡,衡
講,讲
貢,贡
購,购
郊,郊
酵,酵
鉱,矿
砿,砿
鋼,钢
閤,合
降,降
項,项
香,香
高,高
鴻,鸿
剛,刚
劫,劫
号,号
合,合
壕,壕
拷,拷
濠,濠
豪,豪
轟,轰
麹,麹
克,克
刻,刻
告,告
国,国
穀,谷
酷,酷
鵠,鹄
黒,黑
獄,狱
漉,漉
腰,腰
甑,甑
忽,忽
惚,惚
骨,骨
狛,狛
込,迂
此,此
頃,顷
今,今
困,困
坤,坤
墾,垦
婚,婚
恨,恨
懇,恳
昏,昏
昆,昆
根,根
梱,梱
混,混
痕,痕
紺,绀
艮,艮
魂,魂
些,些
佐,佐
叉,叉
唆,唆
嵯,嵯
左,左
差,差
査,查
沙,沙
瑳,瑳
砂,砂
詐,诈
鎖,锁
裟,裟
坐,坐
座,座
挫,挫
債,债
催,催
再,再
最,最
哉,哉
塞,塞
妻,妻
宰,宰
彩,彩
才,才
採,采
栽,栽
歳,岁
済,济
災,灾
采,采
犀,犀
砕,碎
砦,砦
祭,祭
斎,斋
細,细
菜,菜
裁,裁
載,载
際,际
剤,剂
在,在
材,材
罪,罪
財,财
冴,冴
坂,坂
阪,坂
堺,堺
榊,榊
肴,肴
咲,笑
崎,崎
埼,埼
碕,碕
鷺,鹭
作,作
削,削
咋,咋
搾,榨
昨,昨
朔,朔
柵,栅
窄,窄
策,策
索,索
錯,错
桜,樱
鮭,鲑
笹,笹
匙,匙
冊,册
刷,刷
察,察
拶,拶
撮,撮
擦,擦
札,札
殺,杀
薩,萨
雑,杂
皐,皐
鯖,鲭
捌,捌
錆,锖
鮫,鲛
皿,皿
晒,晒
三,三
傘,伞
参,参
山,山
惨,惨
撒,撒
散,散
桟,栈
燦,灿
珊,珊
産,产
算,算
纂,纂
蚕,蚕
讃,讃
賛,赞
酸,酸
餐,餐
斬,斩
暫,暂
残,残
仕,仕
仔,仔
伺,伺
使,使
刺,刺
司,司
史,史
嗣,嗣
四,四
士,士
始,始
姉,姊
姿,姿
子,子
屍,尸
市,市
師,师
志,志
思,思
指,指
支,支
孜,孜
斯,斯
施,施
旨,旨
枝,枝
止,止
死,死
氏,氏
獅,狮
祉,祉
私,私
糸,纟
紙,纸
紫,紫
肢,肢
脂,脂
至,至
視,视
詞,词
詩,诗
試,试
誌,志
諮,咨
資,资
賜,赐
雌,雌
飼,饲
歯,齿
事,事
似,似
侍,侍
児,儿
字,字
寺,寺
慈,慈
持,持
時,时
次,次
滋,滋
治,治
爾,尔
璽,玺
痔,痔
磁,磁
示,示
而,而
耳,耳
自,自
蒔,莳
辞,辞
汐,汐
鹿,鹿
式,式
識,识
鴫,鴫
竺,竺
軸,轴
宍,宍
雫,雫
七,七
叱,叱
執,执
失,失
嫉,嫉
室,室
悉,悉
湿,湿
漆,漆
疾,疾
質,质
実,实
蔀,蔀
篠,篠
偲,偲
柴,柴
芝,芝
屡,屡
蕊,蕊
縞,缟
舎,舍
写,写
射,射
捨,舍
赦,赦
斜,斜
煮,煮
社,社
紗,纱
者,者
謝,谢
車,车
遮,遮
蛇,蛇
邪,邪
借,借
勺,勺
尺,尺
杓,杓
灼,灼
爵,爵
酌,酌
釈,释
錫,锡
若,若
寂,寂
弱,弱
惹,惹
主,主
取,取
守,守
手,手
朱,朱
殊,殊
狩,狩
珠,珠
種,种
腫,肿
趣,趣
酒,酒
首,首
儒,儒
受,受
呪,咒
寿,寿
授,授
樹,树
綬,绶
需,需
囚,囚
収,收
周,周
宗,宗
就,就
州,州
修,修
愁,愁
拾,拾
洲,洲
秀,秀
秋,秋
終,终
繍,繍
習,习
臭,臭
舟,舟
蒐,蒐
衆,众
襲,袭
讐,讐
蹴,蹴
輯,辑
週,周
酋,酋
酬,酬
集,集
醜,丑
什,什
住,住
充,充
十,十
従,从
戎,戎
柔,柔
汁,汁
渋,涩
獣,兽
縦,纵
重,重
銃,铳
叔,叔
夙,夙
宿,宿
淑,淑
祝,祝
縮,缩
粛,肃
塾,塾
熟,熟
出,出
術,术
述,述
俊,俊
峻,峻
春,春
瞬,瞬
竣,竣
舜,舜
駿,骏
准,准
循,循
旬,旬
楯,楯
殉,殉
淳,淳
準,准
潤,润
盾,盾
純,纯
巡,巡
遵,遵
醇,醇
順,顺
処,处
初,初
所,所
暑,暑
曙,曙
渚,渚
庶,庶
緒,绪
署,署
書,书
薯,薯
藷,藷
諸,诸
助,助
叙,叙
女,女
序,序
徐,徐
恕,恕
鋤,锄
除,除
傷,伤
償,偿
勝,胜
匠,匠
升,升
召,召
哨,哨
商,商
唱,唱
嘗,尝
奨,奖
妾,妾
娼,娼
宵,宵
将,将
小,小
少,少
尚,尚
庄,庄
床,床
廠,厂
彰,彰
承,承
抄,抄
招,招
掌,掌
捷,捷
昇,升
昌,昌
昭,昭
晶,晶
松,松
梢,梢
樟,樟
樵,樵
沼,沼
消,消
渉,涉
湘,湘
焼,烧
焦,焦
照,照
症,症
省,省
硝,硝
礁,礁
祥,祥
称,称
章,章
笑,笑
粧,妆
紹,绍
肖,肖
菖,菖
蒋,蒋
蕉,蕉
衝,冲
裳,裳
訟,讼
証,证
詔,诏
詳,详
象,象
賞,赏
醤,醤
鉦,钲
鍾,锺
鐘,钟
障,障
鞘,鞘
上,上
丈,丈
丞,丞
乗,乘
冗,冗
剰,剩
城,城
場,场
壌,壤
嬢,娘
常,常
情,情
擾,扰
条,条
杖,杖
浄,净
状,状
畳,叠
穣,穣
蒸,蒸
譲,让
醸,酿
錠,锭
嘱,嘱
埴,埴
飾,饰
拭,拭
植,植
殖,殖
燭,烛
織,织
職,职
色,色
触,触
食,食
蝕,蚀
辱,辱
尻,尻
伸,伸
信,信
侵,侵
唇,唇
娠,娠
寝,寝
審,审
心,心
慎,慎
振,振
新,新
晋,晋
森,森
榛,榛
浸,浸
深,深
申,申
疹,疹
真,真
神,神
秦,秦
紳,绅
臣,臣
芯,芯
薪,薪
親,亲
診,诊
身,身
辛,辛
進,进
針,针
震,震
人,人
仁,仁
刃,刃
塵,尘
壬,壬
尋,寻
甚,甚
尽,尽
腎,肾
訊,讯
迅,迅
陣,阵
靭,靭
笥,笥
諏,诹
須,须
酢,酢
図,图
厨,厨
逗,逗
吹,吹
垂,垂
帥,帅
推,推
水,水
炊,炊
睡,睡
粋,粹
翠,翠
衰,衰
遂,遂
酔,醉
錐,锥
錘,锤
随,随
瑞,瑞
髄,髓
崇,崇
嵩,嵩
数,数
枢,枢
趨,趋
雛,雏
据,据
杉,杉
椙,椙
菅,菅
頗,颇
雀,雀
裾,裾
澄,澄
摺,折
寸,寸
世,世
瀬,濑
畝,亩
是,是
凄,凄
制,制
勢,势
姓,姓
征,征
性,性
成,成
政,政
整,整
星,星
晴,晴
棲,栖
栖,栖
正,正
清,清
牲,牲
生,生
盛,盛
精,精
聖,圣
声,声
製,制
西,西
誠,诚
誓,誓
請,请
逝,逝
醒,醒
青,青
静,静
斉,齐
税,税
脆,脆
隻,只
席,席
惜,惜
戚,戚
斥,斥
昔,昔
析,析
石,石
積,积
籍,籍
績,绩
脊,脊
責,责
赤,赤
跡,迹
蹟,蹟
碩,硕
切,切
拙,拙
接,接
摂,摄
折,折
設,设
窃,窃
節,节
説,说
雪,雪
絶,绝
舌,舌
蝉,蝉
仙,仙
先,先
千,千
占,占
宣,宣
専,专
尖,尖
川,川
戦,战
扇,扇
撰,撰
栓,栓
栴,栴
泉,泉
浅,浅
洗,洗
染,染
潜,潜
煎,煎
煽,煽
旋,旋
穿,穿
箭,箭
線,缐
繊,纤
羨,羨
腺,腺
舛,舛
船,船
薦,荐
詮,诠
賎,賎
践,践
選,选
遷,迁
銭,钱
銑,铣
閃,闪
鮮,鲜
前,前
善,善
漸,渐
然,然
全,全
禅,禅
繕,缮
膳,膳
糎,糎
噌,噌
塑,塑
岨,岨
措,措
曾,曾
曽,曽
楚,楚
狙,狙
疏,疏
疎,疏
礎,础
祖,祖
租,租
粗,粗
素,素
組,组
蘇,苏
訴,诉
阻,阻
遡,遡
鼠,鼠
僧,僧
創,创
双,双
叢,丛
倉,仓
喪,丧
壮,壮
奏,奏
爽,爽
宋,宋
層,层
匝,匝
惣,惣
想,想
捜,搜
掃,扫
挿,插
掻,掻
操,操
早,早
曹,曹
巣,巢
槍,枪
槽,槽
漕,漕
燥,燥
争,争
痩,痩
相,相
窓,窗
糟,糟
総,总
綜,综
聡,聡
草,草
荘,庄
葬,葬
蒼,苍
藻,藻
装,装
走,走
送,送
遭,遭
鎗,鎗
霜,霜
騒,骚
像,像
増,增
憎,憎
臓,脏
蔵,藏
贈,赠
造,造
促,促
側,侧
則,则
即,即
息,息
捉,捉
束,束
測,测
足,足
速,速
俗,俗
属,属
賊,贼
族,族
続,续
卒,卒
袖,袖
其,其
揃,揃
存,存
孫,孙
尊,尊
損,损
村,村
遜,逊
他,他
多,多
太,太
汰,汰
詑,詑
唾,唾
堕,堕
妥,妥
惰,惰
打,打
柁,柁
舵,舵
楕,楕
陀,陀
駄,驮
騨,騨
体,体
堆,堆
対,对
耐,耐
岱,岱
帯,带
待,待
怠,怠
態,态
戴,戴
替,替
泰,泰
滞,滞
胎,胎
腿,腿
苔,苔
袋,袋
貸,贷
退,退
逮,逮
隊,队
黛,黛
鯛,鲷
代,代
台,台
大,大
第,第
醍,醍
題,题
鷹,鹰
滝,泷
瀧,泷
卓,卓
啄,啄
宅,宅
托,托
択,择
拓,拓
沢,泽
濯,濯
琢,琢
託,讬
鐸,铎
濁,浊
諾,诺
茸,茸
凧,凧
蛸,蛸
只,只
叩,叩
但,但
達,达
辰,辰
奪,夺
脱,脱
巽,巽
竪,竖
辿,辿
棚,棚
谷,谷
狸,狸
鱈,鳕
樽,樽
誰,谁
丹,丹
単,单
嘆,叹
坦,坦
担,担
探,探
旦,旦
歎,叹
淡,淡
湛,湛
炭,炭
短,短
端,端
箪,箪
綻,绽
耽,耽
胆,胆
蛋,蛋
誕,诞
鍛,锻
団,团
壇,坛
弾,弹
断,断
暖,暖
檀,檀
段,段
男,男
談,谈
値,值
知,知
地,地
弛,弛
恥,耻
智,智
池,池
痴,痴
稚,稚
置,置
致,致
蜘,蜘
遅,迟
馳,驰
築,筑
畜,畜
竹,竹
筑,筑
蓄,蓄
逐,逐
秩,秩
窒,窒
茶,茶
嫡,嫡
着,着
中,中
仲,仲
宙,宙
忠,忠
抽,抽
昼,昼
柱,柱
注,注
虫,虫
衷,衷
註,注
酎,酎
鋳,铸
駐,驻
樗,樗
瀦,潴
猪,猪
苧,苎
著,着
貯,贮
丁,丁
兆,兆
凋,凋
喋,喋
寵,宠
帖,帖
帳,帐
庁,厅
弔,吊
張,张
彫,雕
徴,徵
懲,惩
挑,挑
暢,畅
朝,朝
潮,潮
牒,牒
町,町
眺,眺
聴,听
脹,胀
腸,肠
蝶,蝶
調,调
諜,谍
超,超
跳,跳
銚,铫
長,长
頂,顶
鳥,鸟
勅,敕
捗,捗
直,直
朕,朕
沈,沈
珍,珍
賃,赁
鎮,镇
陳,陈
津,津
墜,坠
椎,椎
槌,槌
追,追
鎚,锤
痛,痛
通,通
塚,冢
栂,栂
掴,掴
槻,槻
佃,佃
漬,渍
柘,柘
辻,辻
蔦,茑
綴,缀
鍔,锷
椿,椿
潰,溃
坪,坪
壷,壷
嬬,嬬
紬,䌷
爪,爪
吊,吊
釣,钓
鶴,鹤
亭,亭
低,低
停,停
偵,侦
剃,剃
貞,贞
呈,呈
堤,堤
定,定
帝,帝
底,底
庭,庭
廷,廷
弟,弟
悌,悌
抵,抵
挺,挺
提,提
梯,梯
汀,汀
碇,碇
禎,祯
程,程
締,缔
艇,艇
訂,订
諦,谛
蹄,蹄
逓,递
邸,邸
鄭,郑
釘,钉
鼎,鼎
泥,泥
摘,摘
擢,擢
敵,敌
滴,滴
的,的
笛,笛
適,适
鏑,镝
溺,溺
哲,哲
徹,彻
撤,撤
轍,辙
迭,迭
鉄,铁
典,典
填,填
天,天
展,展
店,店
添,添
纏,缠
甜,甜
貼,贴
転,转
顛,颠
点,点
伝,传
殿,殿
澱,淀
田,田
電,电
兎,兎
吐,吐
堵,堵
塗,涂
妬,妬
屠,屠
徒,徒
斗,斗
杜,杜
渡,渡
登,登
菟,菟
賭,赌
途,途
都,都
鍍,镀
砥,砥
砺,砺
努,努
度,度
土,土
奴,奴
怒,怒
倒,倒
党,党
冬,冬
凍,冻
刀,刀
唐,唐
塔,塔
塘,塘
套,套
宕,宕
島,岛
嶋,嶋
悼,悼
投,投
搭,搭
東,东
桃,桃
梼,梼
棟,栋
盗,盗
淘,淘
湯,汤
涛,涛
灯,灯
燈,灯
当,当
痘,痘
祷,祷
等,等
答,答
筒,筒
糖,糖
統,统
到,到
董,董
蕩,荡
藤,藤
討,讨
謄,誊
豆,豆
踏,踏
逃,逃
透,透
鐙,镫
陶,陶
頭,头
騰,腾
闘,斗
働,働
動,动
同,同
堂,堂
導,导
憧,憧
撞,撞
洞,洞
瞳,瞳
童,童
胴,胴
萄,萄
道,道
銅,铜
峠,峠
鴇,鸨
匿,匿
得,得
徳,德
涜,涜
特,特
督,督
禿,秃
篤,笃
毒,毒
独,独
読,读
栃,栃
橡,橡
凸,凸
突,突
椴,椴
届,届
鳶,鸢
苫,苫
寅,寅
酉,酉
瀞,瀞
噸,吨
屯,屯
惇,惇
敦,敦
沌,沌
豚,豚
遁,遁
頓,顿
呑,呑
曇,昙
鈍,钝
奈,奈
那,那
内,内
乍,乍
凪,凪
薙,薙
謎,谜
灘,滩
捺,捺
鍋,锅
楢,楢
馴,驯
縄,绳
畷,畷
南,南
楠,楠
軟,软
難,难
汝,汝
二,二
尼,尼
弐,贰
迩,迩
匂,匂
賑,赈
肉,肉
虹,虹
廿,廿
日,日
乳,乳
入,入
如,如
尿,尿
韮,韮
任,任
妊,妊
忍,忍
認,认
濡,濡
禰,祢
祢,祢
寧,宁
葱,葱
猫,猫
熱,热
年,年
念,念
捻,捻
撚,撚
燃,燃
粘,粘
乃,乃
廼,廼
之,之
埜,埜
嚢,嚢
悩,恼
濃,浓
納,纳
能,能
脳,脑
膿,脓
農,农
覗,覗
蚤,蚤
巴,巴
把,把
播,播
覇,霸
杷,杷
波,波
派,派
琶,琶
破,破
婆,婆
罵,骂
芭,芭
馬,马
俳,俳
廃,废
拝,拜
排,排
敗,败
杯,杯
盃,杯
牌,牌
背,背
肺,肺
輩,辈
配,配
倍,倍
培,培
媒,媒
梅,梅
楳,楳
煤,煤
狽,狈
買,买
売,卖
賠,赔
陪,陪
這,这
蝿,蝿
秤,秤
矧,矧
萩,萩
伯,伯
剥,剥
博,博
拍,拍
柏,柏
泊,泊
白,白
箔,箔
粕,粕
舶,舶
薄,薄
迫,迫
曝,曝
漠,漠
爆,爆
縛,缚
莫,莫
駁,驳
麦,麦
函,函
箱,箱
硲,硲
箸,箸
肇,肇
筈,筈
櫨,栌
幡,幡
肌,肌
畑,畑
畠,畠
八,八
鉢,钵
溌,溌
発,发
醗,醗
髪,发
伐,伐
罰,罚
抜,拔
筏,筏
閥,阀
鳩,鸠
噺,噺
塙,塙
蛤,蛤
隼,隼
伴,伴
判,判
半,半
反,反
叛,叛
帆,帆
搬,搬
斑,斑
板,板
氾,氾
汎,汎
版,版
犯,犯
班,班
畔,畔
繁,繁
般,般
藩,藩
販,贩
範,范
釆,釆
煩,烦
頒,颁
飯,饭
挽,挽
晩,晚
番,番
盤,盘
磐,磐
蕃,蕃
蛮,蛮
匪,匪
卑,卑
否,否
妃,妃
庇,庇
彼,彼
悲,悲
扉,扉
批,批
披,披
斐,斐
比,比
泌,泌
疲,疲
皮,皮
碑,碑
秘,秘
緋,绯
罷,罢
肥,肥
被,被
誹,诽
費,费
避,避
非,非
飛,飞
樋,樋
簸,簸
備,备
尾,尾
微,微
枇,枇
毘,毘
琵,琵
眉,眉
美,美
鼻,鼻
柊,柊
稗,稗
匹,匹
疋,疋
髭,髭
彦,彦
膝,膝
菱,菱
肘,肘
弼,弼
必,必
畢,毕
筆,笔
逼,逼
桧,桧
姫,姬
媛,媛
紐,纽
百,百
謬,谬
俵,俵
彪,彪
標,标
氷,冰
漂,漂
瓢,瓢
票,票
表,表
評,评
豹,豹
廟,庙
描,描
病,病
秒,秒
苗,苗
錨,锚
鋲,鋲
蒜,蒜
蛭,蛭
鰭,鳍
品,品
彬,彬
斌,斌
浜,浜
瀕,濒
貧,贫
賓,宾
頻,频
敏,敏
瓶,瓶
不,不
付,付
埠,埠
夫,夫
婦,妇
富,富
冨,冨
布,布
府,府
怖,怖
扶,扶
敷,敷
斧,斧
普,普
浮,浮
父,父
符,符
腐,腐
膚,肤
芙,芙
譜,谱
負,负
賦,赋
赴,赴
阜,阜
附,附
侮,侮
撫,抚
武,武
舞,舞
葡,葡
蕪,芜
部,部
封,封
楓,枫
風,风
葺,葺
蕗,蕗
伏,伏
副,副
復,复
幅,幅
服,服
福,福
腹,腹
複,复
覆,覆
淵,渊
弗,弗
払,拂
沸,沸
仏,佛
物,物
鮒,鲋
分,分
吻,吻
噴,喷
墳,坟
憤,愤
扮,扮
焚,焚
奮,奋
粉,粉
糞,粪
紛,纷
雰,氛
文,文
聞,闻
丙,丙
併,并
兵,兵
塀,塀
幣,币
平,平
弊,弊
柄,柄
並,并
蔽,蔽
閉,闭
陛,陛
米,米
頁,页
僻,僻
壁,壁
癖,癖
碧,碧
別,别
瞥,瞥
蔑,蔑
箆,箆
偏,偏
変,变
片,片
篇,篇
編,编
辺,边
返,返
遍,遍
便,便
勉,勉
娩,娩
弁,弁
鞭,鞭
保,保
舗,铺
鋪,铺
圃,圃
捕,捕
歩,步
甫,甫
補,补
輔,辅
穂,穗
募,募
墓,墓
慕,慕
戊,戊
暮,暮
母,母
簿,簿
菩,菩
倣,倣
俸,俸
包,包
呆,呆
報,报
奉,奉
宝,宝
峰,峰
峯,峯
崩,崩
庖,庖
抱,抱
捧,捧
放,放
方,方
朋,朋
法,法
泡,泡
烹,烹
砲,砲
縫,缝
胞,胞
芳,芳
萌,萌
蓬,蓬
蜂,蜂
褒,褒
訪,访
豊,丰
邦,邦
鋒,锋
飽,饱
鳳,凤
鵬,鹏
乏,乏
亡,亡
傍,傍
剖,剖
坊,坊
妨,妨
帽,帽
忘,忘
忙,忙
房,房
暴,暴
望,望
某,某
棒,棒
冒,冒
紡,纺
肪,肪
膨,膨
謀,谋
貌,貌
貿,贸
鉾,鉾
防,防
吠,吠
頬,頬
北,北
僕,仆
卜,卜
墨,墨
撲,扑
朴,朴
牧,牧
睦,睦
穆,穆
釦,釦
勃,勃
没,没
殆,殆
堀,堀
幌,幌
奔,奔
本,本
翻,翻
凡,凡
盆,盆
摩,摩
磨,磨
魔,魔
麻,麻
埋,埋
妹,妹
昧,昧
枚,枚
毎,每
哩,哩
槙,槙
幕,幕
膜,膜
枕,枕
鮪,鲔
柾,柾
鱒,鳟
桝,桝
亦,亦
俣,俣
又,又
抹,抹
末,末
沫,沫
迄,迄
侭,侭
繭,茧
麿,麿
万,万
慢,慢
満,满
漫,漫
蔓,蔓
味,味
未,未
魅,魅
巳,巳
箕,箕
岬,岬
密,密
蜜,蜜
湊,凑
蓑,蓑
稔,稔
脈,脉
妙,妙
粍,粍
民,民
眠,眠
務,务
夢,梦
無,无
牟,牟
矛,矛
霧,雾
鵡,鹉
椋,椋
婿,婿
娘,娘
冥,冥
名,名
命,命
明,明
盟,盟
迷,迷
銘,铭
鳴,鸣
姪,姪
牝,牝
滅,灭
免,免
棉,棉
綿,绵
緬,缅
面,面
麺,面
摸,摸
模,模
茂,茂
妄,妄
孟,孟
毛,毛
猛,猛
盲,盲
網,网
耗,耗
蒙,蒙
儲,储
木,木
黙,默
目,目
杢,杢
勿,勿
餅,饼
尤,尤
戻,戻
籾,籾
貰,贳
問,问
悶,闷
紋,纹
門,门
匁,匁
也,也
冶,冶
夜,夜
爺,爷
耶,耶
野,野
弥,弥
矢,矢
厄,厄
役,役
約,约
薬,药
訳,译
躍,跃
靖,靖
柳,柳
薮,薮
鑓,鑓
愉,愉
愈,愈
油,油
癒,癒
諭,谕
輸,输
唯,唯
佑,佑
優,优
勇,勇
友,友
宥,宥
幽,幽
悠,悠
憂,忧
揖,揖
有,有
柚,柚
湧,湧
涌,涌
猶,犹
猷,猷
由,由
祐,祐
裕,裕
誘,诱
遊,游
邑,邑
郵,邮
雄,雄
融,融
夕,夕
予,予
余,余
与,与
誉,誉
輿,舆
預,预
傭,佣
幼,幼
妖,妖
容,容
庸,庸
揚,扬
揺,摇
擁,拥
曜,曜
楊,杨
様,样
洋,洋
溶,溶
熔,熔
用,用
窯,窑
羊,羊
耀,耀
葉,叶
蓉,蓉
要,要
謡,谣
踊,踊
遥,遥
陽,阳
養,养
慾,慾
抑,抑
欲,欲
沃,沃
浴,浴
翌,翌
翼,翼
淀,淀
羅,罗
螺,螺
裸,裸
来,来
莱,莱
頼,赖
雷,雷
洛,洛
絡,络
落,落
酪,酪
乱,乱
卵,卵
嵐,岚
欄,栏
濫,滥
藍,蓝
蘭,兰
覧,览
利,利
吏,吏
履,履
李,李
梨,梨
理,理
璃,璃
痢,痢
裏,里
裡,里
里,里
離,离
陸,陆
律,律
率,率
立,立
葎,葎
掠,掠
略,略
劉,刘
流,流
溜,溜
琉,琉
留,留
硫,硫
粒,粒
隆,隆
竜,龙
龍,龙
侶,侣
慮,虑
旅,旅
虜,虏
了,了
亮,亮
僚,僚
両,两
凌,凌
寮,寮
料,料
梁,梁
涼,凉
猟,猎
療,疗
瞭,了
稜,稜
糧,粮
良,良
諒,谅
遼,辽
量,量
陵,陵
領,领
力,力
緑,绿
倫,伦
厘,厘
林,林
淋,淋
燐,燐
琳,琳
臨,临
輪,轮
隣,隣
鱗,鳞
麟,麟
瑠,瑠
塁,垒
涙,泪
累,累
類,类
令,令
伶,伶
例,例
冷,冷
励,励
嶺,岭
怜,怜
玲,玲
礼,礼
苓,苓
鈴,铃
隷,隶
零,零
霊,灵
麗,丽
齢,龄
暦,历
歴,历
列,列
劣,劣
烈,烈
裂,裂
廉,廉
恋,恋
憐,怜
漣,涟
煉,炼
簾,帘
練,练
聯,联
蓮,莲
連,连
錬,炼
呂,吕
魯,鲁
櫓,橹
炉,炉
賂,赂
路,路
露,露
労,劳
婁,娄
廊,廊
弄,弄
朗,朗
楼,楼
榔,榔
浪,浪
漏,漏
牢,牢
狼,狼
篭,篭
老,老
聾,聋
蝋,蝋
郎,郎
六,六
麓,麓
禄,禄
肋,肋
録,录
論,论
倭,倭
和,和
話,话
歪,歪
賄,贿
脇,脇
惑,惑
枠,枠
鷲,鹫
亙,亘
亘,亘
鰐,鳄
詫,诧
藁,藁
蕨,蕨
椀,椀
湾,湾
碗,碗
腕,腕
弌,弌
丐,丐
丕,丕
个,个
丱,丱
丶,丶
丼,丼
丿,丿
乂,乂
乖,乖
乘,乘
亂,乱
亅,亅
豫,豫
亊,亊
舒,舒
弍,弍
于,于
亞,亚
亟,亟
亠,亠
亢,亢
亰,亰
亳,亳
亶,亶
从,从
仍,仍
仄,仄
仆,仆
仂,仂
仗,仗
仞,仞
仭,仭
仟,仟
价,价
伉,伉
佚,佚
估,估
佛,佛
佝,佝
佗,佗
佇,伫
佶,佶
侈,侈
侏,侏
侘,侘
佻,佻
佩,佩
佰,佰
侑,侑
佯,佯
來,来
侖,仑
儘,尽
俔,伣
俟,俟
俎,俎
俘,俘
俛,俛
俑,俑
俚,俚
俐,俐
俤,俤
俥,俥
倚,倚
倨,倨
倔,倔
倪,倪
倥,倥
倅,倅
伜,伜
俶,俶
倡,倡
倩,倩
倬,倬
俾,俾
俯,俯
們,们
倆,俩
偃,偃
假,假
會,会
偕,偕
偐,偐
偈,偈
做,做
偖,偖
偬,偬
偸,偸
傀,傀
傚,傚
傅,傅
傴,伛
傲,傲
僉,佥
僊,僊
傳,传
僂,偻
僖,僖
僞,伪
僥,侥
僭,僭
僣,僣
僮,僮
價,价
僵,僵
儉,俭
儁,儁
儂,侬
儖,儖
儕,侪
儔,俦
儚,儚
儡,儡
儺,傩
儷,俪
儼,俨
儻,傥
儿,儿
兀,兀
兒,儿
兌,兑
兔,兔
兢,兢
竸,竸
兩,两
兪,兪
兮,兮
冀,冀
冂,冂
囘,囘
册,册
冉,冉
冏,冏
冑,冑
冓,冓
冕,冕
冖,冖
冤,冤
冦,冦
冢,冢
冩,冩
冪,幂
冫,冫
决,决
冱,冱
冲,冲
冰,冰
况,况
冽,冽
凅,凅
凉,凉
凛,凛
几,几
處,处
凩,凩
凭,凭
凰,凰
凵,凵
凾,凾
刄,刄
刋,刋
刔,刔
刎,刎
刧,刧
刪,删
刮,刮
刳,刳
刹,刹
剏,剏
剄,刭
剋,克
剌,剌
剞,剞
剔,剔
剪,剪
剴,剀
剩,剩
剳,剳
剿,剿
剽,剽
劍,剑
劔,劔
劒,劒
剱,剱
劈,劈
劑,剂
辨,辨
辧,辧
劬,劬
劭,劭
劼,劼
劵,劵
勁,劲
勍,勍
勗,勗
勞,劳
勣,勣
勦,勦
飭,饬
勠,勠
勳,勳
勵,励
勸,劝
勹,勹
匆,匆
匈,匈
甸,甸
匍,匍
匐,匐
匏,匏
匕,匕
匚,匚
匣,匣
匯,汇
匱,匮
匳,匳
匸,匸
區,区
卆,卆
卅,卅
丗,丗
卉,卉
卍,卍
凖,凖
卞,卞
卩,卩
卮,卮
夘,夘
卻,却
卷,卷
厂,厂
厖,厖
厠,厕
厦,厦
厥,厥
厮,厮
厰,厰
厶,厶
參,参
簒,簒
雙,双
叟,叟
曼,曼
燮,燮
叮,叮
叨,叨
叭,叭
叺,叺
吁,吁
吽,吽
呀,呀
听,听
吭,吭
吼,吼
吮,吮
吶,呐
吩,吩
吝,吝
呎,呎
咏,咏
呵,呵
咎,咎
呟,呟
呱,呱
呷,呷
呰,呰
咒,咒
呻,呻
咀,咀
呶,呶
咄,咄
咐,咐
咆,咆
哇,哇
咢,咢
咸,咸
咥,咥
咬,咬
哄,哄
哈,哈
咨,咨
咫,咫
哂,哂
咤,咤
咾,咾
咼,呙
哘,哘
哥,哥
哦,哦
唏,唏
唔,唔
哽,哽
哮,哮
哭,哭
哺,哺
哢,哢
唹,唹
啀,啀
啣,啣
啌,啌
售,售
啜,啜
啅,啅
啖,啖
啗,啗
唸,唸
唳,唳
啝,啝
喙,喙
喀,喀
咯,咯
喊,喊
喟,喟
啻,啻
啾,啾
喘,喘
喞,喞
單,单
啼,啼
喃,喃
喩,喩
喇,喇
喨,喨
嗚,呜
嗅,嗅
嗟,嗟
嗄,嗄
嗜,嗜
嗤,嗤
嗔,嗔
嘔,呕
嗷,嗷
嘖,啧
嗾,嗾
嗽,嗽
嘛,嘛
嗹,嗹
噎,噎
噐,噐
營,营
嘴,嘴
嘶,嘶
嘲,嘲
嘸,呒
噫,噫
噤,噤
嘯,啸
噬,噬
噪,噪
嚆,嚆
嚀,咛
嚊,嚊
嚠,嚠
嚔,嚔
嚏,嚏
嚥,咽
嚮,向
嚶,嘤
嚴,严
囂,嚣
嚼,嚼
囁,嗫
囃,囃
囀,啭
囈,呓
囎,囎
囑,嘱
囓,囓
囗,囗
囮,囮
囹,囹
圀,圀
囿,囿
圄,圄
圉,圉
圈,圈
國,国
圍,围
圓,圆
團,团
圖,图
嗇,啬
圜,圜
圦,圦
圷,圷
圸,圸
坎,坎
圻,圻
址,址
坏,坏
坩,坩
埀,埀
垈,垈
坡,坡
坿,坿
垉,垉
垓,垓
垠,垠
垳,垳
垤,垤
垪,垪
垰,垰
埃,埃
埆,埆
埔,埔
埒,埒
埓,埓
堊,垩
埖,埖
埣,埣
堋,堋
堙,堙
堝,埚
塲,塲
堡,堡
塢,坞
塋,茔
塰,塰
毀,毁
塒,埘
堽,堽
塹,堑
墅,墅
墹,墹
墟,墟
墫,墫
墺,墺
壞,坏
墻,墙
墸,墸
墮,堕
壅,壅
壓,压
壑,壑
壗,壗
壙,圹
壘,垒
壥,壥
壜,壜
壤,壤
壟,垄
壯,壮
壺,壶
壹,壹
壻,壻
壼,壸
壽,寿
夂,夂
夊,夊
夐,夐
夛,夛
梦,梦
夥,夥
夬,夬
夭,夭
夲,夲
夸,夸
夾,夹
竒,竒
奕,奕
奐,奂
奎,奎
奚,奚
奘,奘
奢,奢
奠,奠
奧,奥
奬,奖
奩,奁
奸,奸
妁,妁
妝,妆
佞,佞
侫,侫
妣,妣
妲,妲
姆,姆
姨,姨
姜,姜
妍,妍
姙,姙
姚,姚
娥,娥
娟,娟
娑,娑
娜,娜
娉,娉
娚,娚
婀,婀
婬,婬
婉,婉
娵,娵
娶,娶
婢,婢
婪,婪
媚,媚
媼,媪
媾,媾
嫋,嫋
嫂,嫂
媽,妈
嫣,嫣
嫗,妪
嫦,嫦
嫩,嫩
嫖,嫖
嫺,嫺
嫻,娴
嬌,娇
嬋,婵
嬖,嬖
嬲,嬲
嫐,嫐
嬪,嫔
嬶,嬶
嬾,嬾
孃,娘
孅,孅
孀,孀
孑,孑
孕,孕
孚,孚
孛,孛
孥,孥
孩,孩
孰,孰
孳,孳
孵,孵
學,学
斈,斈
孺,孺
宀,宀
它,它
宦,宦
宸,宸
寃,寃
寇,寇
寉,寉
寔,寔
寐,寐
寤,寤
實,实
寢,寝
寞,寞
寥,寥
寫,写
寰,寰
寶,宝
寳,寳
尅,尅
將,将
專,专
對,对
尓,尓
尠,尠
尢,尢
尨,尨
尸,尸
尹,尹
屁,屁
屆,届
屎,屎
屓,屃
屐,屐
屏,屏
孱,孱
屬,属
屮,屮
乢,乢
屶,屶
屹,屹
岌,岌
岑,岑
岔,岔
妛,妛
岫,岫
岻,岻
岶,岶
岼,岼
岷,岷
峅,峅
岾,岾
峇,峇
峙,峙
峩,峩
峽,峡
峺,峺
峭,峭
嶌,嶌
峪,峪
崋,崋
崕,崕
崗,岗
嵜,嵜
崟,崟
崛,崛
崑,崑
崔,崔
崢,峥
崚,崚
崙,崙
崘,崘
嵌,嵌
嵒,嵒
嵎,嵎
嵋,嵋
嵬,嵬
嵳,嵳
嵶,嵶
嶇,岖
嶄,崭
嶂,嶂
嶢,峣
嶝,嶝
嶬,嶬
嶮,崄
嶽,岳
嶐,嶐
嶷,嶷
嶼,屿
巉,巉
巍,巍
巓,巓
巒,峦
巖,巖
巛,巛
巫,巫
已,已
巵,巵
帋,帋
帚,帚
帙,帙
帑,帑
帛,帛
帶,带
帷,帷
幄,幄
幃,帏
幀,帧
幎,幎
幗,帼
幔,幔
幟,帜
幢,幢
幤,幤
幇,幇
幵,幵
并,并
幺,么
麼,么
广,广
庠,庠
廁,厕
廂,厢
廈,厦
廐,廐
廏,廏
廖,廖
廣,广
廝,厮
廚,厨
廛,廛
廢,废
廡,庑
廨,廨
廩,廪
廬,庐
廱,廱
廳,厅
廰,廰
廴,廴
廸,廸
廾,廾
弃,弃
弉,弉
彝,彝
彜,彜
弋,弋
弑,弑
弖,弖
弩,弩
弭,弭
弸,弸
彁,彁
彈,弹
彌,弥
彎,弯
弯,弯
彑,彑
彖,彖
彗,彗
彙,汇
彡,彡
彭,彭
彳,彳
彷,彷
徃,徃
徂,徂
彿,彿
徊,徊
很,很
徑,径
徇,徇
從,从
徙,徙
徘,徘
徠,徕
徨,徨
徭,徭
徼,徼
忖,忖
忻,忻
忤,忤
忸,忸
忱,忱
忝,忝
悳,悳
忿,忿
怡,怡
恠,恠
怙,怙
怐,怐
怩,怩
怎,怎
怱,怱
怛,怛
怕,怕
怫,怫
怦,怦
怏,怏
怺,怺
恚,恚
恁,恁
恪,恪
恷,恷
恟,恟
恊,恊
恆,恒
恍,恍
恣,恣
恃,恃
恤,恤
恂,恂
恬,恬
恫,恫
恙,恙
悁,悁
悍,悍
惧,惧
悃,悃
悚,悚
悄,悄
悛,悛
悖,悖
悗,悗
悒,悒
悧,悧
悋,悋
惡,恶
悸,悸
惠,惠
惓,惓
悴,悴
忰,忰
悽,悽
惆,惆
悵,怅
惘,惘
慍,愠
愕,愕
愆,愆
惶,惶
惷,惷
愀,愀
惴,惴
惺,惺
愃,愃
愡,愡
惻,恻
惱,恼
愍,愍
愎,愎
慇,慇
愾,忾
愨,悫
愧,愧
慊,慊
愿,愿
愼,慎
愬,愬
愴,怆
愽,愽
慂,慂
慄,栗
慳,悭
慷,慷
慘,惨
慙,慙
慚,惭
慫,怂
慴,慴
慯,慯
慥,慥
慱,慱
慟,恸
慝,慝
慓,慓
慵,慵
憙,憙
憖,憖
憇,憇
憬,憬
憔,憔
憚,惮
憊,惫
憑,凭
憫,悯
憮,怃
懌,怿
懊,懊
應,应
懷,怀
懈,懈
懃,懃
懆,懆
憺,憺
懋,懋
罹,罹
懍,懔
懦,懦
懣,懑
懶,懒
懺,忏
懴,懴
懿,懿
懽,懽
懼,惧
懾,慑
戀,恋
戈,戈
戉,戉
戍,戍
戌,戌
戔,戋
戛,戛
戞,戞
戡,戡
截,截
戮,戮
戰,战
戲,戏
戳,戳
扁,扁
扎,扎
扞,扞
扣,扣
扛,扛
扠,扠
扨,扨
扼,扼
抂,抂
抉,抉
找,找
抒,抒
抓,抓
抖,抖
拔,拔
抃,抃
抔,抔
拗,拗
拑,拑
抻,抻
拏,拏
拿,拿
拆,拆
擔,担
拈,拈
拜,拜
拌,拌
拊,拊
拂,拂
拇,拇
抛,抛
拉,拉
挌,挌
拮,拮
拱,拱
挧,挧
挂,挂
挈,挈
拯,拯
拵,拵
捐,捐
挾,挟
捍,捍
搜,搜
捏,捏
掖,掖
掎,掎
掀,掀
掫,掫
捶,捶
掣,掣
掏,掏
掉,掉
掟,掟
掵,掵
捫,扪
捩,捩
掾,掾
揩,揩
揀,拣
揆,揆
揣,揣
揉,揉
插,插
揶,揶
揄,揄
搖,摇
搴,搴
搆,搆
搓,搓
搦,搦
搶,抢
攝,摄
搗,捣
搨,搨
搏,搏
摧,摧
摯,挚
摶,抟
摎,摎
攪,搅
撕,撕
撓,挠
撥,拨
撩,撩
撈,捞
撼,撼
據,据
擒,擒
擅,擅
擇,择
撻,挞
擘,擘
擂,擂
擱,搁
擧,举
舉,举
擠,挤
擡,擡
抬,抬
擣,擣
擯,摈
攬,揽
擶,擶
擴,扩
擲,掷
擺,摆
攀,攀
擽,擽
攘,攘
攜,携
攅,攅
攤,摊
攣,挛
攫,攫
攴,攴
攵,攵
攷,攷
收,收
攸,攸
畋,畋
效,效
敖,敖
敕,敕
敍,叙
敘,叙
敞,敞
敝,敝
敲,敲
數,数
斂,敛
斃,毙
變,变
斛,斛
斟,斟
斫,斫
斷,断
旃,旃
旆,旆
旁,旁
旄,旄
旌,旌
旒,旒
旛,旛
旙,旙
无,无
旡,旡
旱,旱
杲,杲
昊,昊
昃,昃
旻,旻
杳,杳
昵,昵
昶,昶
昴,昴
昜,昜
晏,晏
晄,晄
晉,晋
晁,晁
晞,晞
晝,昼
晤,晤
晧,晧
晨,晨
晟,晟
晢,晢
晰,晰
暃,暃
暈,晕
暎,暎
暉,晖
暄,暄
暘,旸
暝,暝
曁,曁
暹,暹
曉,晓
暾,暾
暼,暼
曄,晔
暸,暸
曖,暧
曚,曚
曠,旷
昿,昿
曦,曦
曩,曩
曰,曰
曵,曵
曷,曷
朏,朏
朖,朖
朞,朞
朦,朦
朧,胧
霸,霸
朮,术
朿,朿
朶,朶
杁,杁
朸,朸
朷,朷
杆,杆
杞,杞
杠,杠
杙,杙
杣,杣
杤,杤
枉,枉
杰,杰
枩,枩
杼,杼
杪,杪
枌,枌
枋,枋
枦,枦
枡,枡
枅,枅
枷,枷
柯,柯
枴,枴
柬,柬
枳,枳
柩,柩
枸,枸
柤,柤
柞,柞
柝,柝
柢,柢
柮,柮
枹,枹
柎,柎
柆,柆
柧,柧
檜,桧
栞,栞
框,框
栩,栩
桀,桀
桍,桍
栲,栲
桎,桎
梳,梳
栫,栫
桙,桙
档,档
桷,桷
桿,杆
梟,枭
梏,梏
梭,梭
梔,栀
條,条
梛,梛
梃,梃
檮,梼
梹,梹
桴,桴
梵,梵
梠,梠
梺,梺
椏,桠
梍,梍
桾,桾
椁,椁
棊,棊
椈,椈
棘,棘
椢,椢
椦,椦
棡,棡
椌,椌
棍,棍
棔,棔
棧,栈
棕,棕
椶,椶
椒,椒
椄,椄
棗,枣
棣,棣
椥,椥
棹,棹
棠,棠
棯,棯
椨,椨
椪,椪
椚,椚
椣,椣
椡,椡
棆,棆
楹,楹
楷,楷
楜,楜
楸,楸
楫,楫
楔,楔
楾,楾
楮,楮
椹,椹
楴,楴
椽,椽
楙,楙
椰,椰
楡,楡
楞,楞
楝,楝
榁,榁
楪,楪
榲,榅
榮,荣
槐,槐
榿,桤
槁,槁
槓,槓
榾,榾
槎,槎
寨,寨
槊,槊
槝,槝
榻,榻
槃,槃
榧,榧
樮,樮
榑,榑
榠,榠
榜,榜
榕,榕
榴,榴
槞,槞
槨,椁
樂,乐
樛,樛
槿,槿
權,权
槹,槹
槲,槲
槧,椠
樅,枞
榱,榱
樞,枢
槭,槭
樔,樔
槫,槫
樊,樊
樒,樒
櫁,櫁
樣,样
樓,楼
橄,橄
樌,樌
橲,橲
樶,樶
橸,橸
橇,橇
橢,椭
橙,橙
橦,橦
橈,桡
樸,朴
樢,樢
檐,檐
檍,檍
檠,檠
檄,檄
檢,检
檣,樯
檗,檗
蘗,蘗
檻,槛
櫃,柜
櫂,櫂
檸,柠
檳,槟
檬,檬
櫞,橼
櫑,櫑
櫟,栎
檪,檪
櫚,榈
櫪,枥
櫻,樱
欅,欅
蘖,蘖
櫺,櫺
欒,栾
欖,榄
鬱,郁
欟,欟
欸,欸
欷,欷
盜,盗
欹,欹
飮,飮
歇,歇
歃,歃
歉,歉
歐,欧
歙,歙
歔,歔
歛,歛
歟,欤
歡,欢
歸,归
歹,歹
歿,殁
殀,殀
殄,殄
殃,殃
殍,殍
殘,残
殕,殕
殞,殒
殤,殇
殪,殪
殫,殚
殯,殡
殲,歼
殱,殱
殳,殳
殷,殷
殼,壳
毆,殴
毋,毋
毓,毓
毟,毟
毬,毬
毫,毫
毳,毳
毯,毯
麾,麾
氈,毡
氓,氓
气,气
氛,氛
氤,氤
氣,气
汞,汞
汕,汕
汢,汢
汪,汪
沂,沂
沍,沍
沚,沚
沁,沁
沛,沛
汾,汾
汨,汨
汳,汳
沒,没
沐,沐
泄,泄
泱,泱
泓,泓
沽,沽
泗,泗
泅,泅
泝,泝
沮,沮
沱,沱
沾,沾
沺,沺
泛,泛
泯,泯
泙,泙
泪,泪
洟,洟
衍,衍
洶,汹
洫,洫
洽,洽
洸,洸
洙,洙
洵,洵
洳,洳
洒,洒
洌,洌
浣,灌
涓,涓
浤,浤
浚,浚
浹,浃
浙,浙
涎,涎
涕,涕
濤,涛
涅,涅
淹,淹
渕,渕
渊,渊
涵,涵
淇,淇
淦,淦
涸,涸
淆,淆
淬,淬
淞,淞
淌,淌
淨,净
淒,凄
淅,淅
淺,浅
淙,淙
淤,淤
淕,淕
淪,沦
淮,淮
渭,渭
湮,湮
渮,渮
渙,涣
湲,湲
湟,湟
渾,浑
渣,渣
湫,湫
渫,渫
湶,湶
湍,湍
渟,渟
湃,湃
渺,渺
湎,湎
渤,渤
滿,满
渝,渝
游,游
溂,溂
溪,溪
溘,溘
滉,滉
溷,溷
滓,滓
溽,溽
溯,溯
滄,沧
溲,溲
滔,滔
滕,滕
溏,溏
溥,溥
滂,滂
溟,溟
潁,颍
漑,漑
灌,灌
滬,沪
滸,浒
滾,滚
漿,浆
滲,渗
漱,漱
滯,滞
漲,涨
滌,涤
漾,漾
漓,漓
滷,卤
澆,浇
潺,潺
潸,潸
澁,渋
澀,涩
潯,浔
潛,潜
濳,濳
潭,潭
澂,澂
潼,潼
潘,潘
澎,澎
澑,澑
濂,濂
潦,潦
澳,澳
澣,澣
澡,澡
澤,泽
澹,澹
濆,濆
澪,澪
濟,济
濕,湿
濬,濬
濔,濔
濘,泞
濱,滨
濮,濮
濛,蒙
瀉,泻
瀋,沈
濺,溅
瀑,瀑
瀁,瀁
瀏,浏
濾,滤
瀛,瀛
瀚,瀚
潴,潴
瀝,沥
瀘,泸
瀟,潇
瀰,弥
瀾,澜
瀲,潋
灑,洒
灣,湾
炙,炙
炒,炒
炯,炯
烱,烱
炬,炬
炸,炸
炳,炳
炮,炮
烟,烟
烋,烋
烝,烝
烙,烙
焉,焉
烽,烽
焜,焜
焙,焙
煥,焕
煕,煕
熈,熈
煦,煦
煢,茕
煌,煌
煖,煖
煬,炀
熏,熏
燻,燻
熄,熄
熕,熕
熨,熨
熬,熬
燗,燗
熹,熹
熾,炽
燒,烧
燉,炖
燔,燔
燎,燎
燠,燠
燬,燬
燧,燧
燵,燵
燼,烬
燹,燹
燿,燿
爍,烁
爐,炉
爛,烂
爨,爨
爭,争
爬,爬
爰,爰
爲,为
爻,爻
爼,爼
爿,爿
牀,牀
牆,墙
牋,牋
牘,牍
牴,牴
牾,牾
犂,犂
犁,犁
犇,犇
犒,犒
犖,荦
犢,犊
犧,牺
犹,犹
犲,犲
狃,狃
狆,狆
狄,狄
狎,狎
狒,狒
狢,狢
狠,狠
狡,狡
狹,狭
狷,狷
倏,倏
猗,猗
猊,猊
猜,猜
猖,猖
猝,猝
猴,猴
猯,猯
猩,猩
猥,猥
猾,猾
獎,奖
獏,獏
默,默
獗,獗
獪,狯
獨,独
獰,狞
獸,兽
獵,猎
獻,献
獺,獭
珈,珈
玳,玳
珎,珎
玻,玻
珀,珀
珥,珥
珮,珮
珞,珞
璢,璢
琅,琅
瑯,瑯
琥,琥
珸,珸
琲,琲
琺,珐
瑕,瑕
琿,珲
瑟,瑟
瑙,瑙
瑁,瑁
瑜,瑜
瑩,莹
瑰,瑰
瑣,琐
瑪,玛
瑶,瑶
瑾,瑾
璋,璋
璞,璞
璧,璧
瓊,琼
瓏,珑
瓔,璎
珱,珱
瓠,瓠
瓣,瓣
瓧,瓧
瓩,瓩
瓮,瓮
瓲,瓲
瓰,瓰
瓱,瓱
瓸,瓸
瓷,瓷
甄,甄
甃,甃
甅,甅
甌,瓯
甎,甎
甍,甍
甕,甕
甓,甓
甞,甞
甦,甦
甬,甬
甼,甼
畄,畄
畍,畍
畊,畊
畉,畉
畛,畛
畆,畆
畚,畚
畩,畩
畤,畤
畧,畧
畫,画
畭,畭
畸,畸
當,当
疆,疆
疇,畴
畴,畴
疊,叠
疉,疉
疂,疂
疔,疔
疚,疚
疝,疝
疥,疥
疣,疣
痂,痂
疳,疳
痃,痃
疵,疵
疽,疽
疸,疸
疼,疼
疱,疱
痍,痍
痊,痊
痒,痒
痙,痉
痣,痣
痞,痞
痾,疴
痿,痿
痼,痼
瘁,瘁
痰,痰
痺,痺
痲,痲
痳,痳
瘋,疯
瘍,疡
瘉,瘉
瘟,瘟
瘧,疟
瘠,瘠
瘡,疮
瘢,瘢
瘤,瘤
瘴,瘴
瘰,瘰
瘻,瘘
癇,痫
癈,癈
癆,痨
癜,癜
癘,疠
癡,痴
癢,痒
癨,癨
癩,癞
癪,癪
癧,疬
癬,癣
癰,痈
癲,癫
癶,癶
癸,癸
發,发
皀,皀
皃,皃
皈,皈
皋,皋
皎,皎
皖,皖
皓,皓
皙,皙
皚,皑
皰,疱
皴,皴
皸,皲
皹,皹
皺,皱
盂,盂
盍,盍
盖,盖
盒,盒
盞,盏
盡,尽
盥,盥
盧,卢
盪,荡
蘯,蘯
盻,盻
眈,眈
眇,眇
眄,眄
眩,眩
眤,眤
眞,真
眥,眦
眦,眦
眛,眛
眷,眷
眸,眸
睇,睇
睚,睚
睨,睨
睫,睫
睛,睛
睥,睥
睿,睿
睾,睾
睹,睹
瞎,瞎
瞋,瞋
瞑,瞑
瞠,瞠
瞞,瞒
瞰,瞰
瞶,瞆
瞹,瞹
瞿,瞿
瞼,睑
瞽,瞽
瞻,瞻
矇,蒙
矍,矍
矗,矗
矚,瞩
矜,矜
矣,矣
矮,矮
矼,矼
砌,砌
砒,砒
礦,矿
砠,砠
礪,砺
硅,硅
碎,碎
硴,硴
碆,碆
硼,硼
碚,碚
碌,碌
碣,碣
碵,碵
碪,碪
碯,碯
磑,硙
磆,磆
磋,磋
磔,磔
碾,碾
碼,码
磅,磅
磊,磊
磬,磬
磧,碛
磚,砖
磽,硗
磴,磴
礇,礇
礒,礒
礑,礑
礙,碍
礬,矾
礫,砾
祀,祀
祠,祠
祗,祗
祟,祟
祚,祚
祕,秘
祓,祓
祺,祺
祿,禄
禊,禊
禝,禝
禧,禧
齋,斋
禪,禅
禮,礼
禳,禳
禹,禹
禺,禺
秉,秉
秕,秕
秧,秧
秬,秬
秡,秡
秣,秣
稈,秆
稍,稍
稘,稘
稙,稙
稠,稠
稟,禀
禀,禀
稱,称
稻,稻
稾,稾
稷,稷
穃,穃
穗,穗
穉,穉
穡,穑
穢,秽
穩,稳
龝,龝
穰,穰
穹,穹
穽,穽
窈,窈
窗,窗
窕,窕
窘,窘
窖,窖
窩,窝
竈,灶
窰,窰
窶,窭
竅,窍
竄,窜
窿,窿
邃,邃
竇,窦
竊,窃
竍,竍
竏,竏
竕,竕
竓,竓
站,站
竚,竚
竝,并
竡,竡
竢,竢
竦,竦
竭,竭
竰,竰
笂,笂
笏,笏
笊,笊
笆,笆
笳,笳
笘,笘
笙,笙
笞,笞
笵,笵
笨,笨
笶,笶
筐,筐
筺,筺
笄,笄
筍,笋
笋,笋
筌,筌
筅,筅
筵,筵
筥,筥
筴,䇲
筧,笕
筰,筰
筱,筱
筬,筬
筮,筮
箝,箝
箘,箘
箟,箟
箍,箍
箜,箜
箚,箚
箋,笺
箒,箒
箏,筝
筝,筝
箙,箙
篋,箧
篁,篁
篌,篌
篏,篏
箴,箴
篆,篆
篝,篝
篩,筛
簑,簑
簔,簔
篦,篦
篥,篥
籠,笼
簀,箦
簇,簇
簓,簓
篳,筚
篷,篷
簗,簗
簍,篓
篶,篶
簣,篑
簧,簧
簪,簪
簟,簟
簷,簷
簫,箫
簽,签
籌,筹
籃,篮
籔,籔
籏,籏
籀,籀
籐,籐
籘,籘
籟,籁
籤,籤
籖,签
籥,籥
籬,篱
籵,籵
粃,粃
粐,粐
粤,粤
粭,粭
粢,粢
粫,粫
粡,粡
粨,粨
粳,粳
粲,粲
粱,粱
粮,粮
粹,粹
粽,粽
糀,糀
糅,糅
糂,糂
糘,糘
糒,糒
糜,糜
糢,糢
鬻,鬻
糯,糯
糲,粝
糴,籴
糶,粜
糺,糺
紆,纡
紂,纣
紜,纭
紕,纰
紊,紊
絅,䌹
絋,絋
紮,紮
紲,绁
紿,绐
紵,纻
絆,绊
絳,绛
絖,絖
絎,绗
絲,丝
絨,绒
絮,絮
絏,絏
絣,絣
經,经
綉,绣
絛,绦
綏,绥
絽,絽
綛,綛
綺,绮
綮,綮
綣,绻
綵,䌽
緇,缁
綽,绰
綫,线
總,总
綢,绸
綯,绹
緜,緜
綸,纶
綟,綟
綰,绾
緘,缄
緝,缉
緤,緤
緞,缎
緻,致
緲,缈
緡,缗
縅,縅
縊,缢
縣,县
縡,縡
縒,縒
縱,纵
縟,缛
縉,缙
縋,缒
縢,縢
繆,缪
繦,繦
縻,縻
縵,缦
縹,缥
繃,绷
縷,缕
縲,缧
縺,縺
繧,繧
繝,繝
繖,繖
繞,绕
繙,繙
繚,缭
繹,绎
繪,绘
繩,绳
繼,继
繻,繻
纃,纃
緕,緕
繽,缤
辮,辫
繿,䍀
纈,缬
纉,纉
續,续
纒,纒
纐,纐
纓,缨
纔,才
纖,纤
纎,纎
纛,纛
纜,缆
缸,缸
缺,缺
罅,罅
罌,罂
罍,罍
罎,罎
罐,罐
网,网
罕,罕
罔,罔
罘,罘
罟,罟
罠,罠
罨,罨
罩,罩
罧,罧
罸,罸
羂,羂
羆,罴
羃,羃
羈,羁
羇,羇
羌,羌
羔,羔
羞,羞
羝,羝
羚,羚
羣,羣
羯,羯
羲,羲
羹,羹
羮,羮
羶,羶
羸,羸
譱,譱
翅,翅
翆,翆
翊,翊
翕,翕
翔,翔
翡,翡
翦,翦
翩,翩
翳,翳
翹,翘
飜,翻
耆,耆
耄,耄
耋,耋
耒,耒
耘,耘
耙,耙
耜,耜
耡,耡
耨,耨
耿,耿
耻,耻
聊,聊
聆,聆
聒,聒
聘,聘
聚,聚
聟,聟
聢,聢
聨,聨
聳,耸
聲,声
聰,聪
聶,聂
聹,聍
聽,听
聿,聿
肄,肄
肆,肆
肅,肃
肛,肛
肓,肓
肚,肚
肭,肭
冐,冐
肬,肬
胛,胛
胥,胥
胙,胙
胝,胝
胄,胄
胚,胚
胖,胖
脉,脉
胯,胯
胱,胱
脛,胫
脩,脩
脣,脣
脯,脯
腋,腋
隋,隋
腆,腆
脾,脾
腓,腓
腑,腑
胼,胼
腱,腱
腮,腮
腥,腥
腦,脑
腴,腴
膃,腽
膈,膈
膊,膊
膀,膀
膂,膂
膠,胶
膕,膕
膤,膤
膣,膣
腟,腟
膓,膓
膩,腻
膰,膰
膵,膵
膾,脍
膸,膸
膽,胆
臀,臀
臂,臂
膺,膺
臉,脸
臍,脐
臑,臑
臙,臙
臘,腊
臈,臈
臚,胪
臟,脏
臠,脔
臧,臧
臺,台
臻,臻
臾,臾
舁,舁
舂,舂
舅,舅
與,与
舊,旧
舍,舍
舐,舐
舖,舖
舩,舩
舫,舫
舸,舸
舳,舳
艀,艀
艙,舱
艘,艘
艝,艝
艚,艚
艟,艟
艤,舣
艢,艢
艨,艨
艪,艪
艫,舻
舮,舮
艱,艰
艷,艳
艸,艸
艾,艾
芍,芍
芒,芒
芫,芫
芟,芟
芻,刍
芬,芬
苡,苡
苣,苣
苟,苟
苒,苒
苴,苴
苳,苳
苺,苺
莓,莓
范,范
苻,苻
苹,苹
苞,苞
茆,茆
苜,苜
茉,茉
苙,苙
茵,茵
茴,茴
茖,茖
茲,兹
茱,茱
荀,荀
茹,茹
荐,荐
荅,荅
茯,茯
茫,茫
茗,茗
茘,茘
莅,莅
莚,莚
莪,莪
莟,莟
莢,荚
莖,茎
茣,茣
莎,莎
莇,莇
莊,庄
荼,荼
莵,莵
荳,荳
荵,荵
莠,莠
莉,莉
莨,莨
菴,菴
萓,萓
菫,菫
菎,菎
菽,菽
萃,萃
菘,菘
萋,萋
菁,菁
菷,菷
萇,苌
菠,菠
菲,菲
萍,萍
萢,萢
萠,萠
莽,莽
萸,萸
蔆,蔆
菻,菻
葭,葭
萪,萪
萼,萼
蕚,蕚
蒄,蒄
葷,荤
葫,葫
蒭,蒭
葮,葮
蒂,蒂
葩,葩
葆,葆
萬,万
葯,药
葹,葹
萵,莴
蓊,蓊
葢,葢
蒹,蒹
蒿,蒿
蒟,蒟
蓙,蓙
蓍,蓍
蒻,蒻
蓚,蓚
蓐,蓐
蓁,蓁
蓆,蓆
蓖,蓖
蒡,蒡
蔡,蔡
蓿,蓿
蓴,莼
蔗,蔗
蔘,蔘
蔬,蔬
蔟,蔟
蔕,蔕
蔔,卜
蓼,蓼
蕀,蕀
蕣,蕣
蕘,荛
蕈,蕈
蕁,荨
蘂,蘂
蕋,蕋
蕕,莸
薀,蕰
薤,薤
薈,荟
薑,薑
薊,蓟
薨,薨
蕭,萧
薔,蔷
薛,薛
藪,薮
薇,薇
薜,薜
蕷,蓣
蕾,蕾
薐,薐
藉,借
薺,荠
藏,藏
薹,薹
藐,藐
藕,藕
藝,艺
藥,药
藜,藜
藹,蔼
蘊,蕴
蘓,蘓
蘋,苹
藾,藾
藺,蔺
蘆,芦
蘢,茏
蘚,藓
蘰,蘰
蘿,萝
虍,虍
乕,乕
虔,虔
號,号
虧,亏
虱,虱
蚓,蚓
蚣,蚣
蚩,蚩
蚪,蚪
蚋,蚋
蚌,蚌
蚶,蚶
蚯,蚯
蛄,蛄
蛆,蛆
蚰,蚰
蛉,蛉
蠣,蛎
蚫,蚫
蛔,蛔
蛞,蛞
蛩,蛩
蛬,蛬
蛟,蛟
蛛,蛛
蛯,蛯
蜒,蜒
蜆,蚬
蜈,蜈
蜀,蜀
蜃,蜃
蛻,蜕
蜑,蜑
蜉,蜉
蜍,蜍
蛹,蛹
蜊,蜊
蜴,蜴
蜿,蜿
蜷,蜷
蜻,蜻
蜥,蜥
蜩,蜩
蜚,蜚
蝠,蝠
蝟,猬
蝸,蜗
蝌,蝌
蝎,蝎
蝴,蝴
蝗,蝗
蝨,蝨
蝮,蝮
蝙,蝙
蝓,蝓
蝣,蝣
蝪,蝪
蠅,蝇
螢,萤
螟,螟
螂,螂
螯,螯
蟋,蟋
螽,螽
蟀,蟀
蟐,蟐
雖,虽
螫,螫
蟄,蛰
螳,螳
蟇,蟇
蟆,蟆
螻,蝼
蟯,蛲
蟲,虫
蟠,蟠
蠏,蠏
蠍,蠍
蟾,蟾
蟶,蛏
蟷,蟷
蠎,蠎
蟒,蟒
蠑,蝾
蠖,蠖
蠕,蠕
蠢,蠢
蠡,蠡
蠱,蛊
蠶,蚕
蠹,蠹
蠧,蠧
蠻,蛮
衄,衄
衂,衂
衒,衒
衙,衙
衞,卫
衢,衢
衫,衫
袁,袁
衾,衾
袞,衮
衵,衵
衽,衽
袵,袵
衲,衲
袂,袂
袗,袗
袒,袒
袮,袮
袙,袙
袢,袢
袍,袍
袤,袤
袰,袰
袿,袿
袱,袱
裃,裃
裄,裄
裔,裔
裘,裘
裙,裙
裝,装
裹,裹
褂,褂
裼,裼
裴,裴
裨,裨
裲,裲
褄,褄
褌,裈
褊,褊
褓,褓
襃,褒
褞,褞
褥,褥
褪,褪
褫,褫
襁,襁
襄,襄
褻,亵
褶,褶
褸,褛
襌,襌
褝,褝
襠,裆
襞,襞
襦,襦
襤,褴
襭,襭
襪,袜
襯,衬
襴,襴
襷,襷
襾,襾
覃,覃
覈,覈
覊,覊
覓,觅
覘,觇
覡,觋
覩,覩
覦,觎
覬,觊
覯,觏
覲,觐
覺,觉
覽,览
覿,觌
觀,观
觚,觚
觜,觜
觝,觝
觧,觧
觴,觞
觸,触
訃,讣
訖,讫
訐,讦
訌,讧
訛,讹
訝,讶
訥,讷
訶,诃
詁,诂
詛,诅
詒,诒
詆,诋
詈,詈
詼,诙
詭,诡
詬,诟
詢,询
誅,诛
誂,誂
誄,诔
誨,诲
誡,诫
誑,诳
誥,诰
誦,诵
誚,诮
誣,诬
諄,谆
諍,诤
諂,谄
諚,諚
諫,谏
諳,谙
諧,谐
諤,谔
諱,讳
謔,谑
諠,諠
諢,诨
諷,讽
諞,谝
諛,谀
謌,謌
謇,謇
謚,谥
諡,諡
謖,谡
謐,谧
謗,谤
謠,谣
謳,讴
鞫,鞫
謦,謦
謫,谪
謾,谩
謨,谟
譁,譁
譌,譌
譏,讥
譎,谲
證,证
譖,谮
譛,譛
譚,谭
譫,谵
譟,譟
譬,譬
譯,译
譴,谴
譽,誉
讀,读
讌,讌
讎,雠
讒,谗
讓,让
讖,谶
讙,讙
讚,讚
谺,谺
豁,豁
谿,谿
豈,岂
豌,豌
豎,竖
豐,丰
豕,豕
豢,豢
豬,猪
豸,豸
豺,豺
貂,貂
貉,貉
貅,貅
貊,貊
貍,貍
貎,貎
貔,貔
豼,豼
貘,貘
戝,戝
貭,貭
貪,贪
貽,贻
貲,赀
貳,贰
貮,貮
貶,贬
賈,贾
賁,贲
賤,贱
賣,卖
賚,赉
賽,赛
賺,赚
賻,赙
贄,贽
贅,赘
贊,赞
贇,赟
贏,赢
贍,赡
贐,赆
齎,赍
贓,赃
賍,賍
贔,赑
贖,赎
赧,赧
赭,赭
赱,赱
赳,赳
趁,趁
趙,赵
跂,跂
趾,趾
趺,趺
跏,跏
跚,跚
跖,跖
跌,跌
跛,跛
跋,跋
跪,跪
跫,跫
跟,跟
跣,跣
跼,跼
踈,踈
踉,踉
跿,跿
踝,踝
踞,踞
踐,践
踟,踟
蹂,蹂
踵,踵
踰,踰
踴,踊
蹊,蹊
蹇,蹇
蹉,蹉
蹌,跄
蹐,蹐
蹈,蹈
蹙,蹙
蹤,踪
蹠,蹠
踪,踪
蹣,蹒
蹕,跸
蹶,蹶
蹲,蹲
蹼,蹼
躁,躁
躇,躇
躅,躅
躄,躄
躋,跻
躊,踌
躓,踬
躑,踯
躔,躔
躙,躙
躪,躏
躡,蹑
躬,躬
躰,躰
軆,軆
躱,躱
躾,躾
軅,軅
軈,軈
軋,轧
軛,轭
軣,軣
軼,轶
軻,轲
軫,轸
軾,轼
輊,轾
輅,辂
輕,轻
輒,辄
輙,輙
輓,挽
輜,辎
輟,辍
輛,辆
輌,輌
輦,辇
輳,辏
輻,辐
輹,輹
轅,辕
轂,毂
輾,辗
轌,轌
轉,转
轆,辘
轎,轿
轗,轗
轜,轜
轢,轹
轣,轣
轤,轳
辜,辜
辟,辟
辣,辣
辭,辞
辯,辩
辷,辷
迚,迚
迥,迥
迢,迢
迪,迪
迯,迯
邇,迩
迴,回
逅,逅
迹,迹
迺,迺
逑,逑
逕,迳
逡,逡
逍,逍
逞,逞
逖,逖
逋,逋
逧,逧
逶,逶
逵,逵
逹,逹
迸,迸
遏,遏
遐,遐
遑,遑
遒,遒
逎,逎
遉,遉
逾,逾
遖,遖
遘,遘
遞,递
遨,遨
遯,遯
遶,遶
隨,随
遲,迟
邂,邂
遽,遽
邁,迈
邀,邀
邊,边
邉,邉
邏,逻
邨,邨
邯,邯
邱,邱
邵,邵
郢,郢
郤,郤
扈,扈
郛,郛
鄂,鄂
鄒,邹
鄙,鄙
鄲,郸
鄰,邻
酊,酊
酖,酖
酘,酘
酣,酣
酥,酥
酩,酩
酳,酳
酲,酲
醋,醋
醉,醉
醂,醂
醢,醢
醫,医
醯,醯
醪,醪
醵,醵
醴,醴
醺,醺
釀,酿
釁,衅
釉,釉
釋,释
釐,厘
釖,釖
釟,釟
釡,釡
釛,釛
釼,釼
釵,钗
釶,釶
鈞,钧
釿,釿
鈔,钞
鈬,鈬
鈕,钮
鈑,钣
鉞,钺
鉗,钳
鉅,钜
鉉,铉
鉤,钩
鉈,铊
銕,銕
鈿,钿
鉋,铇
鉐,鉐
銜,衔
銖,铢
銓,铨
銛,铦
鉚,铆
鋏,铗
銹,锈
銷,销
鋩,铓
錏,铔
鋺,鋺
鍄,鍄
錮,锢
錙,锱
錢,钱
錚,铮
錣,錣
錺,錺
錵,錵
錻,錻
鍜,鍜
鍠,锽
鍼,鍼
鍮,鍮
鍖,鍖
鎰,镒
鎬,镐
鎭,镇
鎔,镕
鎹,鎹
鏖,鏖
鏗,铿
鏨,錾
鏥,鏥
鏘,锵
鏃,镞
鏝,镘
鏐,镠
鏈,链
鏤,镂
鐚,鐚
鐔,镡
鐓,镦
鐃,铙
鐇,鐇
鐐,镣
鐶,镮
鐫,镌
鐵,铁
鐡,鐡
鐺,铛
鑁,鑁
鑒,鉴
鑄,铸
鑛,矿
鑠,铄
鑢,鑢
鑞,镴
鑪,鑪
鈩,鈩
鑰,钥
鑵,鑵
鑷,镊
鑽,钻
鑚,鑚
鑼,锣
鑾,銮
钁,镢
鑿,凿
閂,闩
閇,閇
閊,閊
閔,闵
閖,閖
閘,闸
閙,閙
閠,閠
閨,闺
閧,閧
閭,闾
閼,阏
閻,阎
閹,阉
閾,阈
闊,阔
濶,濶
闃,阒
闍,阇
闌,阑
闕,阙
闔,阖
闖,闯
關,关
闡,阐
闥,闼
闢,闢
阡,阡
阨,阨
阮,阮
阯,阯
陂,陂
陌,陌
陏,陏
陋,陋
陷,陷
陜,陜
陞,陞
陝,陕
陟,陟
陦,陦
陲,陲
陬,陬
隍,隍
隘,隘
隕,陨
隗,隗
險,险
隧,隧
隱,隐
隲,隲
隰,隰
隴,陇
隶,隶
隸,隶
隹,隹
雎,雎
雋,隽
雉,雉
雍,雍
襍,襍
雜,杂
霍,霍
雕,雕
雹,雹
霄,霄
霆,霆
霈,霈
霓,霓
霎,霎
霑,霑
霏,霏
霖,霖
霙,霙
霤,霤
霪,霪
霰,霰
霹,霹
霽,霁
霾,霾
靄,霭
靆,靆
靈,灵
靂,雳
靉,靉
靜,静
靠,靠
靤,靤
靦,腼
靨,靥
勒,勒
靫,靫
靱,靱
靹,靹
鞅,鞅
靼,靼
鞁,鞁
靺,靺
鞆,鞆
鞋,鞋
鞏,巩
鞐,鞐
鞜,鞜
鞨,鞨
鞦,秋
鞣,鞣
鞳,鞳
鞴,鞴
韃,鞑
韆,千
韈,韈
韋,韦
韜,韬
韭,韭
齏,齑
韲,韲
竟,竟
韶,韶
韵,韵
頏,颃
頌,颂
頸,颈
頤,颐
頡,颉
頷,颔
頽,颓
顆,颗
顏,颜
顋,顋
顫,颤
顯,显
顰,颦
顱,颅
顴,颧
顳,颞
颪,颪
颯,飒
颱,台
颶,飓
飄,飘
飃,飃
飆,飙
飩,饨
飫,饫
餃,饺
餉,饷
餒,馁
餔,餔
餘,余
餡,馅
餝,餝
餞,饯
餤,餤
餠,饼
餬,餬
餮,餮
餽,餽
餾,馏
饂,饂
饉,馑
饅,馒
饐,饐
饋,馈
饑,饥
饒,饶
饌,馔
饕,饕
馗,馗
馘,馘
馥,馥
馭,驭
馮,冯
馼,馼
駟,驷
駛,驶
駝,驼
駘,骀
駑,驽
駭,骇
駮,駮
駱,骆
駲,駲
駻,駻
駸,骎
騁,骋
騏,骐
騅,骓
駢,骈
騙,骗
騫,骞
騷,骚
驅,驱
驂,骖
驀,蓦
驃,骠
騾,骡
驕,骄
驍,骁
驛,驿
驗,验
驟,骤
驢,驴
驥,骥
驤,骧
驩,驩
驫,骉
驪,骊
骭,骭
骰,骰
骼,骼
髀,髀
髏,髅
髑,髑
髓,髓
體,体
髞,髞
髟,髟
髢,髢
髣,髣
髦,髦
髯,髯
髫,髫
髮,发
髴,髴
髱,髱
髷,髷
髻,髻
鬆,松
鬘,鬘
鬚,须
鬟,鬟
鬢,鬓
鬣,鬣
鬥,斗
鬧,闹
鬨,鬨
鬩,阋
鬪,鬪
鬮,阄
鬯,鬯
鬲,鬲
魄,魄
魃,魃
魏,魏
魍,魍
魎,魉
魑,魑
魘,魇
魴,鲂
鮓,鲊
鮃,鲆
鮑,鲍
鮖,鮖
鮗,鮗
鮟,鮟
鮠,鮠
鮨,鮨
鮴,鮴
鯀,鲧
鯊,鲨
鮹,鮹
鯆,鯆
鯏,鯏
鯑,鯑
鯒,鲬
鯣,鯣
鯢,鲵
鯤,鲲
鯔,鲻
鯡,鲱
鰺,鲹
鯲,鯲
鯱,鯱
鯰,鲶
鰕,鰕
鰔,鰔
鰉,鳇
鰓,鳃
鰌,鰌
鰆,鰆
鰈,鲽
鰒,鳆
鰊,鰊
鰄,鰄
鰮,鳁
鰛,鰛
鰥,鳏
鰤,鰤
鰡,鰡
鰰,鰰
鱇,鱇
鰲,鳌
鱆,鱆
鰾,鳔
鱚,鱚
鱠,鲙
鱧,鳢
鱶,鱶
鱸,鲈
鳧,凫
鳬,凫
鳰,鳰
鴉,鸦
鴈,鴈
鳫,鳫
鴃,鴃
鴆,鸩
鴪,鴪
鴦,鸯
鶯,莺
鴣,鸪
鴟,鸱
鵄,鵄
鴕,鸵
鴒,鸰
鵁,䴔
鴿,鸽
鴾,鴾
鵆,鵆
鵈,鵈
鵝,鹅
鵞,鵞
鵤,鵤
鵑,鹃
鵐,鹀
鵙,鵙
鵲,鹊
鶉,鹑
鶇,鸫
鶫,鶫
鵯,鹎
鵺,鵺
鶚,鹗
鶤,鶤
鶩,鹜
鶲,鹟
鷄,鸡
鷁,鹢
鶻,鹘
鶸,鶸
鶺,鹡
鷆,鷆
鷏,鷏
鷂,鹞
鷙,鸷
鷓,鹧
鷸,鹬
鷦,鹪
鷭,鷭
鷯,鹩
鷽,鸴
鸚,鹦
鸛,鹳
鸞,鸾
鹵,卤
鹹,咸
鹽,盐
麁,麁
麈,麈
麋,麋
麌,麌
麒,麒
麕,麕
麑,麑
麝,麝
麥,麦
麩,麸
麸,麸
麪,麪
麭,麭
靡,靡
黌,黉
黎,黎
黏,黏
黐,黐
黔,黔
黜,黜
點,点
黝,黝
黠,黠
黥,黥
黨,党
黯,黯
黴,霉
黶,黡
黷,黩
黹,黹
黻,黻
黼,黼
黽,黾
鼇,鼇
鼈,鼈
皷,皷
鼕,冬
鼡,鼡
鼬,鼬
鼾,鼾
齊,齐
齒,齿
齔,龀
齣,出
齟,龃
齠,龆
齡,龄
齦,龈
齧,齧
齬,龉
齪,龊
齷,龌
齲,龋
齶,腭
龕,龛
龜,龟
龠,龠
堯,尧
槇,槇
遙,遥
瑤,瑶
凜,凛
熙,熙
